"EXERCICIO FINANCEIRO","TOTAL DEFESA","TOTAL MD","%MD/MD","TOTAL EXERCITO","%EB/MD","TOTAL AERONAUTICA","%FAB/MD","TOTAL MARINHA","%MB/MD","TOTAL DISTRIBUIDO"
2023,122622247603,3140717455,2.56129496595784,55634913141,45.3709781287999,30095550695,24.543303750586,33751066312,27.5244231546562,100
2022,116493772013,2150390231,1.84592720609994,53713338332,46.1083347236846,28945029831,24.8468474587379,31685013619,27.1988906114776,100
2021,65848327897,2160400847,3.28087426969945,28161000303,42.7664622662089,17593893489,26.7188158771782,17933033258,27.2338475869135,100
2020,73069108757,6325670068,8.65710582160892,28713207696,39.2959599267718,19171328443,26.2372550714373,18858902550,25.809679180182,100
2019,107716786794,5821292411,5.404257390385,45667182990,42.3956045749257,26165548803,24.2910595291332,30062762590,27.9090785055562,100
2018,100664996276,1813544194,1.80156386141185,44761557534,44.4658612128433,25260396546,25.0935255356707,28829498002,28.6390493900742,100
2017,94837003786,2031376993,2.14196665004707,42417113900,44.7263327674442,24323780960,25.6479854792615,26064731933,27.4837151032472,100
2016,82058369206,2161349554,2.63391726512884,36369233342,44.3211749074593,21478721394,26.1749308471871,22049064916,26.8699769802247,100
